{"result": [{"data_id": 335623, "content": "腹腔脓肿@##  患者教育信息\n\n  * [ Appendicitis ](/patient-leaflets/zh-cn/pdf/1584105894475.pdf)\n  * [ Crohn's disease: what is it? ](/patient-leaflets/zh-cn/pdf/1238083754630.pdf)\n  * [ Crohn's disease: what treatments work? ](/patient-leaflets/zh-cn/pdf/1469022890561.pdf)\n  * [ Crohn's disease: questions to ask your doctor ](/patient-leaflets/zh-cn/pdf/1445965352701.pdf)\n\n。", "spans": [{"span_name": "腹腔脓肿", "label": "疾病", "start_offset": 0, "end_offset": 4}, {"span_name": "教育信息", "label": "疾病", "start_offset": 11, "end_offset": 15}], "relation": []}]}