{"result": [{"data_id": 335623, "content": "慢性心房颤动@#  证据\n\n##  证据评分\n\n恢复窦性心律：有中等质量的证据显示导管射频消融术治疗阵发性和持续性心房颤动的一年成功率（定义为不使用抗心律失常药物的情况下维持窦性节律）为52%，总体成功率(定义为同时使用抗心律失常药物)为75.9%。\n慢性心房颤动@777个中心的调查表明，导管消融术有5.9%的手术并发症的发生率，包括心脏填塞(1.2%)、血栓性卒中(0.9%)、肺静脉狭窄(1.6%)及食管瘘。\n\n慢性心房颤动@临床治愈：有较低质量的证据表明“切割-缝合”CoxIII型迷宫手术治疗持续性和永久性心房颤动患者的15年成功率为95%(1年成功率为99%)。\n慢性心房颤动@手术死亡率是2%，且因潜在的窦房结病变，有19%的患者术后需安装起搏器。\n慢性心房颤动@CoxIV型迷宫手术为改良的微创手术，同时行双房射频消融和左心耳缝闭术。慢性心房颤动@在一个多种类型的心房颤动人群中，CoxIV型迷宫手术1年的成功率为91%。\n\n慢性心房颤动@。", "spans": [{"span_name": "慢性心房颤动", "label": "疾病", "start_offset": 0, "end_offset": 6}, {"span_name": "证据评分", "label": "疾病", "start_offset": 18, "end_offset": 22}, {"span_name": "质量的证", "label": "疾病", "start_offset": 34, "end_offset": 38}, {"span_name": "射频消融术", "label": "疾病", "start_offset": 43, "end_offset": 48}], "relation": [{"rel_type": "并发症", "span_front": {"span_name": "慢性心房颤动", "label": "疾病", "start_offset": 0, "end_offset": 6, "en_property": "据"}, "span_after": {"span_name": "证据评分", "label": "疾病", "start_offset": 18, "end_offset": 22, "en_property": ""}, "rel_property": ""}]}]}