{"result": [{"data_id": 335623, "content": "成人哮喘@##  案例\n\n###  案例\n\n一例 25\n岁的女性表现为气短。成人哮喘@她说在高中时偶尔会有气短，并在跑步后出现喘息。成人哮喘@现在当她去养猫的朋友家时也会出现同样的症状。成人哮喘@在过去一年中，她的症状逐渐加重，现在经常出现。成人哮喘@她还发现自己\n1 周中大约有 2 次因喘息从睡梦中醒来。\n\n成人哮喘@###  其他表现\n\n哮喘通常发生于儿童，但也可能会出现于健康的中年人。成人哮喘@开始的症状可能为干咳、胸闷、气急、喘息，自发或在暴露于刺激因素后出现。成人哮喘@当咳嗽有痰时，常是清痰或黏痰。成人哮喘@患者通常是非吸烟者，并且常有过敏史，如儿童期湿疹。成人哮喘@有鼻息肉的患者肺部检查一般是正常的。\n\n成人哮喘@哮喘患者中大约有 50%~60% 会发生运动性哮喘。成人哮喘@在 20 世纪 80\n年代中期，“咳嗽变异性哮喘”综合征的概念很流行，已经成为涵盖所有反复咳嗽症状的标志。成人哮喘@这导致了对哮喘的过度诊断和不恰当的治疗。成人哮喘@“咳嗽变异性哮喘”是少见的，现在对其存在也有质疑。\n\n成人哮喘@。", "spans": [{"span_name": "成人哮喘", "label": "疾病", "start_offset": 0, "end_offset": 2}, {"span_name": "案例", "label": "疾病", "start_offset": 11, "end_offset": 13}, {"span_name": "气短", "label": "症状", "start_offset": 35, "end_offset": 37}, {"span_name": "气短", "label": "症状", "start_offset": 53, "end_offset": 54}, {"span_name": "喘息", "label": "症状", "start_offset": 63, "end_offset": 65}, {"span_name": "成人哮喘", "label": "疾病", "start_offset": 72, "end_offset": 76}, {"span_name": "成人哮喘", "label": "疾病", "start_offset": 99, "end_offset": 103}, {"span_name": "喘息", "label": "症状", "start_offset": 145, "end_offset": 147}, {"span_name": "哮喘", "label": "疾病", "start_offset": 172, "end_offset": 174}, {"span_name": "儿童", "label": "流行病学", "start_offset": 179, "end_offset": 181}, {"span_name": "成人哮喘", "label": "疾病", "start_offset": 183, "end_offset": 187}, {"span_name": "干咳", "label": "症状", "start_offset": 210, "end_offset": 212}, {"span_name": "胸闷", "label": "症状", "start_offset": 213, "end_offset": 215}, {"span_name": "气急", "label": "症状", "start_offset": 216, "end_offset": 218}, {"span_name": "喘息", "label": "症状", "start_offset": 219, "end_offset": 221}, {"span_name": "暴露", "label": "疾病", "start_offset": 226, "end_offset": 228}, {"span_name": "咳嗽有痰", "label": "症状", "start_offset": 243, "end_offset": 245}, {"span_name": "清痰", "label": "症状", "start_offset": 248, "end_offset": 250}, {"span_name": "黏痰", "label": "症状", "start_offset": 254, "end_offset": 254}, {"span_name": "过敏史", "label": "社会学", "start_offset": 276, "end_offset": 277}, {"span_name": "儿童期湿疹", "label": "疾病", "start_offset": 281, "end_offset": 281}, {"span_name": "鼻息肉", "label": "疾病", "start_offset": 293, "end_offset": 296}, {"span_name": "肺部检查", "label": "检查", "start_offset": 299, "end_offset": 302}, {"span_name": "哮喘", "label": "疾病", "start_offset": 317, "end_offset": 319}, {"span_name": "运动", "label": "症状", "start_offset": 337, "end_offset": 339}, {"span_name": "哮喘", "label": "疾病", "start_offset": 340, "end_offset": 342}, {"span_name": "成人哮喘", "label": "疾病", "start_offset": 343, "end_offset": 344}, {"span_name": "咳嗽变异性哮喘", "label": "疾病", "start_offset": 365, "end_offset": 372}, {"span_name": "反复咳嗽", "label": "症状", "start_offset": 391, "end_offset": 393}, {"span_name": "哮喘", "label": "疾病", "start_offset": 411, "end_offset": 413}, {"span_name": "哮喘", "label": "疾病", "start_offset": 428, "end_offset": 430}, {"span_name": "咳嗽变异性哮喘", "label": "疾病", "start_offset": 432, "end_offset": 439}, {"span_name": "哮喘", "label": "疾病", "start_offset": 460, "end_offset": 462}], "relation": [{"rel_type": "临床症状", "span_front": {"span_name": "成人哮喘", "label": "疾病", "start_offset": 72, "end_offset": 76, "en_property": ""}, "span_after": {"span_name": "气短", "label": "症状", "start_offset": 35, "end_offset": 37, "en_property": ""}, "rel_property": ""}, {"rel_type": "临床症状", "span_front": {"span_name": "成人哮喘", "label": "疾病", "start_offset": 72, "end_offset": 76, "en_property": ""}, "span_after": {"span_name": "气短", "label": "症状", "start_offset": 53, "end_offset": 54, "en_property": ""}, "rel_property": ""}, {"rel_type": "临床症状", "span_front": {"span_name": "成人哮喘", "label": "疾病", "start_offset": 72, "end_offset": 76, "en_property": ""}, "span_after": {"span_name": "喘息", "label": "症状", "start_offset": 63, "end_offset": 65, "en_property": ""}, "rel_property": ""}, {"rel_type": "临床症状", "span_front": {"span_name": "成人哮喘", "label": "疾病", "start_offset": 99, "end_offset": 103, "en_property": ""}, "span_after": {"span_name": "喘息", "label": "症状", "start_offset": 145, "end_offset": 147, "en_property": ""}, "rel_property": ""}, {"rel_type": "多发群体", "span_front": {"span_name": "哮喘", "label": "疾病", "start_offset": 172, "end_offset": 174, "en_property": ""}, "span_after": {"span_name": "儿童", "label": "流行病学", "start_offset": 179, "end_offset": 181, "en_property": ""}, "rel_property": ""}, {"rel_type": "临床症状", "span_front": {"span_name": "成人哮喘", "label": "疾病", "start_offset": 183, "end_offset": 187, "en_property": ""}, "span_after": {"span_name": "干咳", "label": "症状", "start_offset": 210, "end_offset": 212, "en_property": ""}, "rel_property": ""}, {"rel_type": "临床症状", "span_front": {"span_name": "成人哮喘", "label": "疾病", "start_offset": 183, "end_offset": 187, "en_property": ""}, "span_after": {"span_name": "胸闷", "label": "症状", "start_offset": 213, "end_offset": 215, "en_property": ""}, "rel_property": ""}, {"rel_type": "临床症状", "span_front": {"span_name": "成人哮喘", "label": "疾病", "start_offset": 183, "end_offset": 187, "en_property": ""}, "span_after": {"span_name": "气急", "label": "症状", "start_offset": 216, "end_offset": 218, "en_property": ""}, "rel_property": ""}, {"rel_type": "临床症状", "span_front": {"span_name": "成人哮喘", "label": "疾病", "start_offset": 183, "end_offset": 187, "en_property": ""}, "span_after": {"span_name": "喘息", "label": "症状", "start_offset": 219, "end_offset": 221, "en_property": ""}, "rel_property": ""}, {"rel_type": "临床症状", "span_front": {"span_name": "成人哮喘", "label": "疾病", "start_offset": 183, "end_offset": 187, "en_property": ""}, "span_after": {"span_name": "咳嗽有痰", "label": "症状", "start_offset": 243, "end_offset": 245, "en_property": ""}, "rel_property": ""}, {"rel_type": "临床症状", "span_front": {"span_name": "成人哮喘", "label": "疾病", "start_offset": 183, "end_offset": 187, "en_property": ""}, "span_after": {"span_name": "清痰", "label": "症状", "start_offset": 248, "end_offset": 250, "en_property": ""}, "rel_property": ""}, {"rel_type": "临床症状", "span_front": {"span_name": "成人哮喘", "label": "疾病", "start_offset": 183, "end_offset": 187, "en_property": ""}, "span_after": {"span_name": "黏痰", "label": "症状", "start_offset": 254, "end_offset": 254, "en_property": ""}, "rel_property": ""}, {"rel_type": "影像学检查", "span_front": {"span_name": "鼻息肉", "label": "疾病", "start_offset": 293, "end_offset": 296, "en_property": ""}, "span_after": {"span_name": "肺部检查", "label": "检查", "start_offset": 299, "end_offset": 302, "en_property": ""}, "rel_property": ""}, {"rel_type": "临床症状", "span_front": {"span_name": "成人哮喘", "label": "疾病", "start_offset": 343, "end_offset": 344, "en_property": ""}, "span_after": {"span_name": "反复咳嗽", "label": "症状", "start_offset": 391, "end_offset": 393, "en_property": ""}, "rel_property": ""}]}]}